{
"model_name" : "H2",
"face_size" : 112,
"face_feature_size" : 128,
"threshold" : [
	0.73141196,
	0.8148621847,
	0.912086383,
	0.99999999,
	1.2014970220],
"ref_anchors" : [
	38.2946,  51.6963,  73.5318,  51.5014, 
	56.0252,  71.7366,  41.5493,  92.3655, 
	70.7299,  92.2041]
}
