{
  "H1": {
    "far_0.000001": 0.676254118,
    "far_0.000010": 0.7487710224,
    "far_0.000100": 0.858840084,
    "far_0.001000": 0.99999991,
    "far_0.010000": 1.160004574,
    "far_0.100000": 1.3561,
    "low_10": 2.219,
    "max_distance": 2.641,
    "top_10": 0.134
  },
  "H2": {
    "far_0.000001": 0.73141196,
    "far_0.000010": 0.8148621847,
    "far_0.000100": 0.912086383,
    "far_0.001000": 0.99999999,
    "far_0.010000": 1.201497022,
    "far_0.100000": 1.345,
    "low_10": 2.314,
    "max_distance": 2.756,
    "top_10": 0.102
  },
  "H3": {
    "far_0.000001": 0.865551,
    "far_0.000010": 0.916752,
    "far_0.000100": 0.990123,
    "far_0.001000": 1.11053,
    "far_0.010000": 1.2844,
    "far_0.100000": 1.52547,
    "low_10": 2.28768,
    "max_distance": 2.69154,
    "top_10": 0.10462
  },
  "H5": {
    "far_0.000001": 0.999398,
    "far_0.000010": 1.13965,
    "far_0.000100": 1.2153,
    "far_0.001000": 1.323,
    "far_0.010000": 1.47944,
    "far_0.100000": 1.68164,
    "low_10": 2.22978,
    "max_distance": 2.54526,
    "top_10": 0.127099
  },
  "UH": {
    "far_0.000001": 0.822043878,
    "far_0.000010": 0.90707458,
    "far_0.000100": 0.9999999,
    "far_0.001000": 1.000000014,
    "far_0.010000": 1.3105767832,
    "far_0.100000": 1.557,
    "low_10": 2.2686,
    "max_distance": 2.747,
    "top_10": 0.1201
  },
  "UH3": {
    "far_0.000001": 0.892912,
    "far_0.000010": 0.957544,
    "far_0.000100": 1.03782,
    "far_0.001000": 1.151,
    "far_0.010000": 1.33345,
    "far_0.100000": 1.58529,
    "low_10": 2.27672,
    "max_distance": 2.64191,
    "top_10": 0.091876
  },
  "UH5": {
    "far_0.000001": 1.16459,
    "far_0.000010": 1.2336,
    "far_0.000100": 1.3073,
    "far_0.001000": 1.41014,
    "far_0.010000": 1.55511,
    "far_0.100000": 1.7332,
    "low_10": 2.2278,
    "max_distance": 2.50405,
    "top_10": 0.121994
  },
  "VH": {
    "far_0.000001": 0.883492,
    "far_0.000010": 0.92301,
    "far_0.000100": 0.98988,
    "far_0.001000": 1.13172,
    "far_0.010000": 1.31159,
    "far_0.100000": 1.55226,
    "low_10": 2.28244,
    "max_distance": 2.62513,
    "top_10": 0.0969217
  },
  "UH_M": {
    "far_0.000001": 0.934926,
    "far_0.000010": 1.01844,
    "far_0.000100": 1.10762,
    "far_0.001000": 1.23654,
    "far_0.010000": 1.41219,
    "far_0.100000": 1.63835,
    "low_10": 2.23304,
    "max_distance": 2.59288,
    "top_10": 0.196081
  },
  "VH_M": {
    "far_0.000001": 0.744189,
    "far_0.000010": 0.88427,
    "far_0.000100": 1.03025,
    "far_0.001000": 1.19708,
    "far_0.010000": 1.38793,
    "far_0.100000": 1.62173,
    "low_10": 2.22931,
    "max_distance": 2.65581,
    "top_10": 0.235422
  },
  "VH5": {
    "far_0.000001": 1.10519,
    "far_0.000010": 1.16853,
    "far_0.000100": 1.2513,
    "far_0.001000": 1.35504,
    "far_0.010000": 1.52406,
    "far_0.100000": 1.71224,
    "low_10": 2.22234,
    "max_distance": 2.51208,
    "top_10": 0.122234
  },
  "UH6": {
    "far_0.000001": 1.15003,
    "far_0.000010": 1.23063,
    "far_0.000100": 1.31112,
    "far_0.001000": 1.41953,
    "far_0.010000": 1.55719,
    "far_0.100000": 1.71843,
    "low_10": 2.17006,
    "max_distance": 2.45667,
    "top_10": 0.121124
  },
  "VH6": {
    "far_0.000001": 1.09396,
    "far_0.000010": 1.164,
    "far_0.000100": 1.2424,
    "far_0.001000": 1.35341,
    "far_0.010000": 1.50301,
    "far_0.100000": 1.70339,
    "low_10": 2.21496,
    "max_distance": 2.53888,
    "top_10": 0.137019
  },
  "H6": {
    "far_0.000001": 1.06925,
    "far_0.000010": 1.16177,
    "far_0.000100": 1.25997,
    "far_0.001000": 1.37061,
    "far_0.010000": 1.51314,
    "far_0.100000": 1.70447,
    "low_10": 2.23168,
    "max_distance": 2.50369,
    "top_10": 0.154083
  },
  "UH_M2": {
    "far_0.000001": 1.00276,
    "far_0.000010": 1.1204,
    "far_0.000100": 1.22012,
    "far_0.001000": 1.34478,
    "far_0.010000": 1.49216,
    "far_0.100000": 1.67406,
    "low_10": 2.17793,
    "max_distance": 2.48732,
    "top_10": 0.231415
  },
  "VH_M2": {
    "far_0.000001": 0.888406,
    "far_0.000010": 1.0086,
    "far_0.000100": 1.11869,
    "far_0.001000": 1.26534,
    "far_0.010000": 1.43371,
    "far_0.100000": 1.63217,
    "low_10": 2.16406,
    "max_distance": 2.4594,
    "top_10": 0.269564
  }
}