{
"model_name" : "H3",
"face_size" : 112,
"face_feature_size" : 512,
"threshold": [
        0.9397613,
        0.97087795,
        1.0048301,
        1.0553966,
        1.1340729],
"ref_anchors" : [
	38.2946,  51.6963,  73.5318,  51.5014, 
	56.0252,  71.7366,  41.5493,  92.3655, 
	70.7299,  92.2041]
}
