{
"model_name" : "VH",
"face_size" : 112,
"face_feature_size" : 512,
"threshold" : [
    0.938932,
    0.9631579,
    0.99524117,
    1.0638216,
    1.1465545],
"ref_anchors" : [
	38.2946,  51.6963,  73.5318,  51.5014, 
	56.0252,  71.7366,  41.5493,  92.3655, 
	70.7299,  92.2041]
}
