{
"model_name" : "H1",
"face_size" : 112,
"face_feature_size" : 128,
"threshold" : [
	0.676254118,
	0.7487710224,
	0.858840084,
	0.99999991,
	1.160004574],
"ref_anchors" : [
	38.2946,  51.6963,  73.5318,  51.5014, 
	56.0252,  71.7366,  41.5493,  92.3655, 
	70.7299,  92.2041]
}
